{
    "comparison_d": {
        "news_311": {
            "llm": {
                "accuracy": 0.625
            }
        },
        "ess_1455": {
            "llm": {
                "accuracy": 0.5454545454545454
            }
        },
        "bio_982": {
            "llm": {
                "accuracy": 0.14285714285714285
            }
        },
        "pop_1217": {
            "llm": {
                "accuracy": 0.0
            }
        },
        "news_862": {
            "llm": {
                "accuracy": 0.10526315789473684
            }
        },
        "ins_1256": {
            "llm": {
                "accuracy": 0.25806451612903225
            }
        },
        "ins_497": {
            "llm": {
                "accuracy": 0.2222222222222222
            }
        },
        "bio_402": {
            "llm": {
                "accuracy": 0.20689655172413793
            }
        },
        "pop_1649": {
            "llm": {
                "accuracy": 0.4
            }
        },
        "bio_1507": {
            "llm": {
                "accuracy": 0.15384615384615385
            }
        },
        "bio_455": {
            "llm": {
                "accuracy": 0.0
            }
        },
        "ins_1079": {
            "llm": {
                "accuracy": 0.0
            }
        },
        "ess_1319": {
            "llm": {
                "accuracy": 0.05128205128205128
            }
        },
        "pop_1925": {
            "llm": {
                "accuracy": 0.14285714285714285
            }
        },
        "ins_1362": {
            "llm": {
                "accuracy": 0.7777777777777778
            }
        },
        "ins_573": {
            "llm": {
                "accuracy": 0.0
            }
        },
        "ess_1584": {
            "llm": {
                "accuracy": 0.3076923076923077
            }
        },
        "news_1471": {
            "llm": {
                "accuracy": 0.09523809523809523
            }
        },
        "ess_1770": {
            "llm": {
                "accuracy": 0.0
            }
        },
        "ins_1273": {
            "llm": {
                "accuracy": 0.8
            }
        },
        "pop_1713": {
            "llm": {
                "accuracy": 0.18181818181818182
            }
        },
        "news_1836": {
            "llm": {
                "accuracy": 0.46153846153846156
            }
        },
        "pop_1828": {
            "llm": {
                "accuracy": 0.3333333333333333
            }
        }
    },
    "summary": {
        "llm accuracy": 0.26715108586950675
    }
}