{
    "similarity_type": "SequenceMatcher.ratio between form + lemma + upos + feats strings ; 1.0 means identical, 0.0 means completely different ; splits included",
    "ratios": {
        "pop_150": 1.0,
        "bio_390": 1.0,
        "pop_1729": 1.0,
        "ins_1819": 1.0,
        "ess_825": 1.0,
        "ins_495": 1.0,
        "news_349": 1.0,
        "ins_1641": 1.0,
        "bio_1057": 1.0,
        "ess_1552": 1.0,
        "ess_915": 1.0,
        "bio_997": 1.0,
        "bio_116": 1.0,
        "bio_1322": 1.0,
        "bio_858": 1.0,
        "news_1727": 1.0,
        "ins_922": 1.0,
        "pop_1901": 1.0,
        "ins_465": 1.0,
        "pop_244": 1.0,
        "ins_534": 1.0,
        "ess_1613": 1.0,
        "news_1273": 1.0,
        "news_443": 1.0,
        "ins_775": 1.0,
        "ins_980": 1.0,
        "pop_877": 1.0,
        "ins_882": 1.0,
        "ins_1565": 1.0,
        "news_676": 1.0,
        "ins_1483": 1.0,
        "pop_759": 1.0,
        "bio_1442": 1.0,
        "news_1570": 1.0,
        "bio_1566": 1.0,
        "bio_1102": 1.0,
        "news_707": 0.9987871437234688,
        "ins_548": 0.9972350230414746,
        "bio_670": 0.9971703452178834,
        "ins_1085": 0.9968944099378882,
        "ins_477": 0.9963592233009708,
        "ins_1059": 0.9963369963369964,
        "ins_1476": 0.9962845010615711,
        "news_1844": 0.9960866261398177,
        "news_1295": 0.9960526315789473,
        "bio_897": 0.9959514170040487,
        "pop_3": 0.9959183673469388,
        "bio_1386": 0.9957865168539326,
        "bio_938": 0.9955882352941177,
        "bio_1458": 0.995575221238938,
        "pop_457": 0.9954838709677419,
        "news_89": 0.9948484848484848,
        "news_495": 0.9945533769063181,
        "ins_895": 0.994281045751634,
        "news_1380": 0.9940744487077151,
        "ess_387": 0.9926660839160839,
        "pop_1612": 0.9925742574257426,
        "news_34": 0.9922802469930366,
        "ins_1602": 0.9922756981580511,
        "ins_515": 0.9922540363884689,
        "news_263": 0.9921614675241649,
        "ins_1938": 0.9919549443150489,
        "ess_1409": 0.9919137466307278,
        "bio_1965": 0.9917257683215129,
        "ess_214": 0.9916540373781819,
        "bio_1766": 0.9913716986224913,
        "news_488": 0.9913194444444445,
        "bio_1378": 0.9913043478260869,
        "pop_1191": 0.9912536443148687,
        "news_1481": 0.9906291834002678,
        "news_70": 0.9905956112852664,
        "bio_468": 0.9905681744645053,
        "pop_279": 0.9905231591733661,
        "ess_891": 0.9898989898989901,
        "pop_1554": 0.989010989010989,
        "ins_1051": 0.9885233684658788,
        "bio_1990": 0.9885057471264368,
        "ess_1304": 0.988255033557047,
        "ins_1424": 0.9881578947368421,
        "news_1765": 0.9877052667404067,
        "bio_1632": 0.9875,
        "ess_964": 0.987425403381849,
        "pop_683": 0.9870912362369798,
        "ess_752": 0.9866666666666667,
        "news_960": 0.9866666666666667,
        "ess_1749": 0.9865591397849462,
        "ess_1425": 0.9865065751858204,
        "ess_1906": 0.9857732820773402,
        "bio_596": 0.9857142857142858,
        "ins_1211": 0.9856410256410257,
        "bio_889": 0.9854651162790697,
        "bio_171": 0.98510731904218,
        "ins_1744": 0.9849246231155778,
        "pop_1409": 0.9846997218131239,
        "bio_1170": 0.9842965428618334,
        "pop_330": 0.9841269841269842,
        "ess_328": 0.9840842362435048,
        "ins_1365": 0.9840432663420234,
        "ess_539": 0.9839181286549707,
        "bio_1167": 0.9833333333333334,
        "ins_564": 0.9832825590251332,
        "ess_1023": 0.9832474226804124,
        "bio_1413": 0.9832112332112333,
        "bio_501": 0.9828571428571429,
        "bio_1775": 0.9828431372549019,
        "ess_624": 0.982686272986448,
        "bio_520": 0.9824828934506353,
        "news_1622": 0.9819124423963134,
        "ess_1150": 0.9818840579710145,
        "ins_636": 0.9812121212121212,
        "pop_1585": 0.981203007518797,
        "ins_1845": 0.9808704639613205,
        "bio_902": 0.9808541973490428,
        "news_953": 0.9806923517713284,
        "news_1739": 0.9806247770473425,
        "pop_1784": 0.9801829268292683,
        "bio_1907": 0.9798792756539235,
        "bio_1657": 0.979755342435013,
        "bio_506": 0.9796587622903412,
        "news_910": 0.9792511513158145,
        "news_1690": 0.9788877214068423,
        "ess_1514": 0.978364444606535,
        "bio_1211": 0.9777486072869309,
        "ess_33": 0.9777131782945736,
        "ins_966": 0.9774459390038268,
        "ess_366": 0.9773469270863165,
        "ins_417": 0.9772122104556413,
        "bio_1596": 0.9763165403333477,
        "news_99": 0.9761975417642562,
        "news_1248": 0.9758241758241759,
        "pop_1065": 0.9753086419753088,
        "ins_1517": 0.9748707873411169,
        "news_1495": 0.9747874951161238,
        "ess_1499": 0.9744142986120675,
        "ess_829": 0.9739813185325573,
        "news_614": 0.9734859390316053,
        "bio_592": 0.973440984236832,
        "ess_646": 0.9733671511126443,
        "news_233": 0.9730412405095533,
        "pop_802": 0.9729146301726947,
        "pop_1545": 0.9727855960264901,
        "bio_1822": 0.9726277372262774,
        "ins_1914": 0.9725727386757791,
        "news_1288": 0.97256096117816,
        "news_1546": 0.9722782052399485,
        "ess_158": 0.9715930274920808,
        "ess_229": 0.9714285714285714,
        "news_7": 0.97141212317649,
        "ess_1007": 0.9712843046561825,
        "ess_1815": 0.9712508646744769,
        "news_1154": 0.9707769519090274,
        "pop_1193": 0.9700000000000001,
        "ins_216": 0.9698539601820976,
        "ess_779": 0.9697322759674772,
        "bio_1370": 0.9693430656934308,
        "pop_85": 0.9692968602113855,
        "ins_1634": 0.9689670259739764,
        "ins_1993": 0.9684466019417476,
        "ess_402": 0.9682402636689075,
        "ins_1184": 0.9679778061242271,
        "news_553": 0.9678217821782178,
        "bio_482": 0.965435715570632,
        "ins_1417": 0.9650537634408602,
        "news_1576": 0.9636640676250591,
        "ins_1340": 0.9627138348137512,
        "ins_1461": 0.9620300751879699,
        "bio_742": 0.9618558240512692,
        "pop_354": 0.961668713482937,
        "news_1675": 0.9611907416255243,
        "bio_1045": 0.9609389100536545,
        "ess_149": 0.9609185686108763,
        "news_463": 0.9607643535562854,
        "ins_760": 0.9602715360868114,
        "bio_1738": 0.9601448097204608,
        "ess_1453": 0.9600000000000001,
        "bio_1492": 0.9597402597402597,
        "pop_229": 0.9588249804361879,
        "pop_772": 0.9586485814469191,
        "bio_1423": 0.958137346179166,
        "news_779": 0.9581332293373659,
        "news_1032": 0.958100558659218,
        "news_1469": 0.9573950660577013,
        "news_412": 0.9569418972699345,
        "bio_1412": 0.9568257504102426,
        "ins_1653": 0.9564270152505446,
        "ess_700": 0.9563456144568658,
        "bio_697": 0.9558823529411765,
        "pop_1117": 0.9557260920897285,
        "ins_634": 0.9554152623277047,
        "ins_1202": 0.9552760961650681,
        "bio_1540": 0.9546716433182013,
        "bio_603": 0.9541880341880342,
        "news_963": 0.9539387232500263,
        "news_425": 0.9539149375214949,
        "bio_549": 0.9539000553199336,
        "ess_729": 0.9532479053272184,
        "pop_876": 0.953116945229057,
        "news_697": 0.953030303030303,
        "pop_795": 0.952632467783003,
        "bio_574": 0.9523241116827726,
        "ess_1700": 0.9521555929531561,
        "news_560": 0.9519355896041591,
        "bio_1730": 0.951238396199777,
        "news_1115": 0.9508448540706606,
        "bio_1064": 0.9505250927214718,
        "ins_223": 0.9501465953423475,
        "ins_990": 0.9498771730914587,
        "bio_49": 0.9492607317366786,
        "ess_1037": 0.9485714285714286,
        "ins_274": 0.9485714285714285,
        "ins_764": 0.9485419276050485,