{
    "v2.8": -0.00032775721543774504,
    "v2.11": 0.00978334633879197,
    "v2.8 manual": 0.9137575293634211,
    "v2.8 LLM": 0.9140852865788589,
    "v2.11 manual": 0.9386390126184362,
    "v2.11 LLM": 0.9288556662796442
}