{
    "v2.8 llm": {
        "correct": 224,
        "all": 312,
        "ratio": 0.717948717948718
    },
    "v2.11 llm": {
        "correct": 245,
        "all": 312,
        "ratio": 0.7852564102564102
    },
    "v2.8 manual": {
        "correct": 242,
        "all": 312,
        "ratio": 0.7756410256410257
    },
    "v2.11 manual": {
        "correct": 275,
        "all": 312,
        "ratio": 0.8814102564102564
    }
}