{
    "Person=3": {
        "mismatch_count": 1747,
        "all_count": 3328,
        "ratio": 0.5249399038461539
    },
    "Number=Sing": {
        "mismatch_count": 1573,
        "all_count": 3057,
        "ratio": 0.5145567549885509
    },
    "Polarity=Pos": {
        "mismatch_count": 752,
        "all_count": 1133,
        "ratio": 0.6637246248896734
    },
    "Case=Nom": {
        "mismatch_count": 633,
        "all_count": 1483,
        "ratio": 0.4268374915711396
    },
    "Number[psor]=Sing": {
        "mismatch_count": 522,
        "all_count": 860,
        "ratio": 0.6069767441860465
    },
    "Person[psor]=3": {
        "mismatch_count": 517,
        "all_count": 828,
        "ratio": 0.6243961352657005
    },
    "Number=Plur": {
        "mismatch_count": 295,
        "all_count": 503,
        "ratio": 0.5864811133200796
    },
    "VerbForm=Part": {
        "mismatch_count": 263,
        "all_count": 369,
        "ratio": 0.7127371273712737
    },
    "Case=Acc": {
        "mismatch_count": 256,
        "all_count": 369,
        "ratio": 0.6937669376693767
    },
    "Tense=Past": {
        "mismatch_count": 251,
        "all_count": 398,
        "ratio": 0.6306532663316583
    },
    "Tense=Pres": {
        "mismatch_count": 242,
        "all_count": 382,
        "ratio": 0.6335078534031413
    },
    "Aspect=Perf": {
        "mismatch_count": 228,
        "all_count": 365,
        "ratio": 0.6246575342465753
    },
    "Case=Dat": {
        "mismatch_count": 174,
        "all_count": 273,
        "ratio": 0.6373626373626373
    },
    "Case=Loc": {
        "mismatch_count": 163,
        "all_count": 309,
        "ratio": 0.5275080906148867
    },
    "Case=Gen": {
        "mismatch_count": 149,
        "all_count": 273,
        "ratio": 0.5457875457875457
    },
    "VerbForm=Vnoun": {
        "mismatch_count": 114,
        "all_count": 146,
        "ratio": 0.7808219178082192
    },
    "Evident=Fh": {
        "mismatch_count": 111,
        "all_count": 221,
        "ratio": 0.502262443438914
    },
    "Aspect=Hab": {
        "mismatch_count": 108,
        "all_count": 147,
        "ratio": 0.7346938775510204
    },
    "Voice=Pass": {
        "mismatch_count": 86,
        "all_count": 132,
        "ratio": 0.6515151515151515
    },
    "Person=1": {
        "mismatch_count": 84,
        "all_count": 159,
        "ratio": 0.5283018867924528
    },
    "Aspect=Imp": {
        "mismatch_count": 73,
        "all_count": 120,
        "ratio": 0.6083333333333333
    },
    "Polarity=Neg": {
        "mismatch_count": 70,
        "all_count": 97,
        "ratio": 0.7216494845360825
    },
    "Case=Abl": {
        "mismatch_count": 68,
        "all_count": 122,
        "ratio": 0.5573770491803278
    },
    "VerbForm=Conv": {
        "mismatch_count": 67,
        "all_count": 83,
        "ratio": 0.8072289156626506
    },
    "Number[psor]=Plur": {
        "mismatch_count": 67,
        "all_count": 92,
        "ratio": 0.7282608695652174
    },
    "Case=Ins": {
        "mismatch_count": 53,
        "all_count": 78,
        "ratio": 0.6794871794871795
    },
    "Person[psor]=1": {
        "mismatch_count": 52,
        "all_count": 100,
        "ratio": 0.52
    },
    "PronType=Prs": {
        "mismatch_count": 40,
        "all_count": 82,
        "ratio": 0.4878048780487805
    },
    "Voice=Cau": {
        "mismatch_count": 40,
        "all_count": 45,
        "ratio": 0.8888888888888888
    },
    "Person=2": {
        "mismatch_count": 37,
        "all_count": 72,
        "ratio": 0.5138888888888888
    },
    "Mood=Pot": {
        "mismatch_count": 31,
        "all_count": 34,
        "ratio": 0.9117647058823529
    },
    "Mood=Imp": {
        "mismatch_count": 30,
        "all_count": 58,
        "ratio": 0.5172413793103449
    },
    "Evident=Nfh": {
        "mismatch_count": 30,
        "all_count": 41,
        "ratio": 0.7317073170731707
    },
    "Tense=Fut": {
        "mismatch_count": 27,
        "all_count": 50,
        "ratio": 0.54
    },
    "Aspect=Prosp": {
        "mismatch_count": 26,
        "all_count": 45,
        "ratio": 0.5777777777777777
    },
    "Aspect=Prog": {
        "mismatch_count": 24,
        "all_count": 40,
        "ratio": 0.6
    },
    "Person[psor]=2": {
        "mismatch_count": 20,
        "all_count": 24,
        "ratio": 0.8333333333333334
    },
    "NumType=Card": {
        "mismatch_count": 19,
        "all_count": 97,
        "ratio": 0.1958762886597938
    },
    "Mood=Gen": {
        "mismatch_count": 17,
        "all_count": 24,
        "ratio": 0.7083333333333334
    },
    "PronType=Dem": {
        "mismatch_count": 17,
        "all_count": 20,
        "ratio": 0.85
    },
    "Mood=Cnd": {
        "mismatch_count": 14,
        "all_count": 22,
        "ratio": 0.6363636363636364
    },
    "Mood=Ind": {
        "mismatch_count": 11,
        "all_count": 22,
        "ratio": 0.5
    },
    "PronType=Int": {
        "mismatch_count": 7,
        "all_count": 11,
        "ratio": 0.6363636363636364
    },
    "Voice=CauPass": {
        "mismatch_count": 6,
        "all_count": 7,
        "ratio": 0.8571428571428571
    },
    "NumType=Ord": {
        "mismatch_count": 6,
        "all_count": 7,
        "ratio": 0.8571428571428571
    },
    "Reflex=Yes": {
        "mismatch_count": 6,
        "all_count": 8,
        "ratio": 0.75
    },
    "Mood=Nec": {
        "mismatch_count": 6,
        "all_count": 6,
        "ratio": 1.0
    },
    "PronType=Loc": {
        "mismatch_count": 4,
        "all_count": 14,
        "ratio": 0.2857142857142857
    },
    "Mood=Des": {
        "mismatch_count": 4,
        "all_count": 5,
        "ratio": 0.8
    },
    "Mood=Opt": {
        "mismatch_count": 4,
        "all_count": 5,
        "ratio": 0.8
    },
    "Voice=Rfl": {
        "mismatch_count": 1,
        "all_count": 1,
        "ratio": 1.0
    }
}