{
    "Person=3": {
        "mismatch_count": 1167,
        "all_count": 3296,
        "ratio": 0.35406553398058255
    },
    "Number=Sing": {
        "mismatch_count": 1054,
        "all_count": 3027,
        "ratio": 0.3481995374958705
    },
    "Polarity=Pos": {
        "mismatch_count": 570,
        "all_count": 1124,
        "ratio": 0.5071174377224199
    },
    "Case=Nom": {
        "mismatch_count": 455,
        "all_count": 1467,
        "ratio": 0.3101567825494206
    },
    "Person[psor]=3": {
        "mismatch_count": 361,
        "all_count": 816,
        "ratio": 0.4424019607843137
    },
    "Number[psor]=Sing": {
        "mismatch_count": 357,
        "all_count": 848,
        "ratio": 0.4209905660377358
    },
    "VerbForm=Part": {
        "mismatch_count": 208,
        "all_count": 366,
        "ratio": 0.5683060109289617
    },
    "Number=Plur": {
        "mismatch_count": 194,
        "all_count": 501,
        "ratio": 0.3872255489021956
    },
    "Tense=Past": {
        "mismatch_count": 191,
        "all_count": 393,
        "ratio": 0.4860050890585242
    },
    "Tense=Pres": {
        "mismatch_count": 181,
        "all_count": 382,
        "ratio": 0.4738219895287958
    },
    "Case=Acc": {
        "mismatch_count": 165,
        "all_count": 369,
        "ratio": 0.44715447154471544
    },
    "Aspect=Perf": {
        "mismatch_count": 164,
        "all_count": 360,
        "ratio": 0.45555555555555555
    },
    "Case=Loc": {
        "mismatch_count": 104,
        "all_count": 306,
        "ratio": 0.33986928104575165
    },
    "Case=Gen": {
        "mismatch_count": 94,
        "all_count": 270,
        "ratio": 0.34814814814814815
    },
    "VerbForm=Vnoun": {
        "mismatch_count": 83,
        "all_count": 146,
        "ratio": 0.5684931506849316
    },
    "Evident=Fh": {
        "mismatch_count": 82,
        "all_count": 218,
        "ratio": 0.3761467889908257
    },
    "Aspect=Hab": {
        "mismatch_count": 82,
        "all_count": 147,
        "ratio": 0.5578231292517006
    },
    "Case=Dat": {
        "mismatch_count": 78,
        "all_count": 269,
        "ratio": 0.2899628252788104
    },
    "Aspect=Imp": {
        "mismatch_count": 71,
        "all_count": 120,
        "ratio": 0.5916666666666667
    },
    "Voice=Pass": {
        "mismatch_count": 66,
        "all_count": 131,
        "ratio": 0.5038167938931297
    },
    "Person=1": {
        "mismatch_count": 54,
        "all_count": 159,
        "ratio": 0.33962264150943394
    },
    "Polarity=Neg": {
        "mismatch_count": 53,
        "all_count": 97,
        "ratio": 0.5463917525773195
    },
    "Number[psor]=Plur": {
        "mismatch_count": 53,
        "all_count": 92,
        "ratio": 0.5760869565217391
    },
    "VerbForm=Conv": {
        "mismatch_count": 44,
        "all_count": 82,
        "ratio": 0.5365853658536586
    },
    "Person[psor]=1": {
        "mismatch_count": 38,
        "all_count": 100,
        "ratio": 0.38
    },
    "Case=Abl": {
        "mismatch_count": 38,
        "all_count": 120,
        "ratio": 0.31666666666666665
    },
    "Evident=Nfh": {
        "mismatch_count": 32,
        "all_count": 41,
        "ratio": 0.7804878048780488
    },
    "Person=2": {
        "mismatch_count": 27,
        "all_count": 72,
        "ratio": 0.375
    },
    "Voice=Cau": {
        "mismatch_count": 26,
        "all_count": 45,
        "ratio": 0.5777777777777777
    },
    "Case=Ins": {
        "mismatch_count": 25,
        "all_count": 78,
        "ratio": 0.32051282051282054
    },
    "Tense=Fut": {
        "mismatch_count": 23,
        "all_count": 50,
        "ratio": 0.46
    },
    "Aspect=Prog": {
        "mismatch_count": 22,
        "all_count": 39,
        "ratio": 0.5641025641025641
    },
    "PronType=Prs": {
        "mismatch_count": 21,
        "all_count": 82,
        "ratio": 0.25609756097560976
    },
    "Aspect=Prosp": {
        "mismatch_count": 20,
        "all_count": 45,
        "ratio": 0.4444444444444444
    },
    "Mood=Pot": {
        "mismatch_count": 17,
        "all_count": 34,
        "ratio": 0.5
    },
    "Mood=Imp": {
        "mismatch_count": 16,
        "all_count": 58,
        "ratio": 0.27586206896551724
    },
    "Mood=Gen": {
        "mismatch_count": 16,
        "all_count": 24,
        "ratio": 0.6666666666666666
    },
    "Mood=Cnd": {
        "mismatch_count": 11,
        "all_count": 22,
        "ratio": 0.5
    },
    "Person[psor]=2": {
        "mismatch_count": 11,
        "all_count": 24,
        "ratio": 0.4583333333333333
    },
    "PronType=Dem": {
        "mismatch_count": 10,
        "all_count": 20,
        "ratio": 0.5
    },
    "Mood=Ind": {
        "mismatch_count": 7,
        "all_count": 22,
        "ratio": 0.3181818181818182
    },
    "PronType=Int": {
        "mismatch_count": 5,
        "all_count": 11,
        "ratio": 0.45454545454545453
    },
    "Voice=CauPass": {
        "mismatch_count": 5,
        "all_count": 6,
        "ratio": 0.8333333333333334
    },
    "Reflex=Yes": {
        "mismatch_count": 5,
        "all_count": 8,
        "ratio": 0.625
    },
    "PronType=Loc": {
        "mismatch_count": 4,
        "all_count": 13,
        "ratio": 0.3076923076923077
    },
    "Mood=Des": {
        "mismatch_count": 4,
        "all_count": 5,
        "ratio": 0.8
    },
    "NumType=Card": {
        "mismatch_count": 3,
        "all_count": 97,
        "ratio": 0.030927835051546393
    },
    "NumType=Ord": {
        "mismatch_count": 3,
        "all_count": 7,
        "ratio": 0.42857142857142855
    },
    "Mood=Opt": {
        "mismatch_count": 3,
        "all_count": 5,
        "ratio": 0.6
    },
    "Mood=Nec": {
        "mismatch_count": 2,
        "all_count": 6,
        "ratio": 0.3333333333333333
    },
    "Abbr=Yes": {
        "mismatch_count": 1,
        "all_count": 2,
        "ratio": 0.5
    },
    "PronType=Ind": {
        "mismatch_count": 1,
        "all_count": 1,
        "ratio": 1.0
    },
    "Case=Equ": {
        "mismatch_count": 1,
        "all_count": 1,
        "ratio": 1.0
    },
    "Voice=Rfl": {
        "mismatch_count": 1,
        "all_count": 1,
        "ratio": 1.0
    }
}