{
    "Person=3": {
        "mismatch_count": 1185,
        "all_count": 3231,
        "ratio": 0.36675951717734445
    },
    "Number=Sing": {
        "mismatch_count": 1072,
        "all_count": 2966,
        "ratio": 0.3614295347269049
    },
    "Case=Nom": {
        "mismatch_count": 590,
        "all_count": 1652,
        "ratio": 0.35714285714285715
    },
    "Polarity=Pos": {
        "mismatch_count": 459,
        "all_count": 936,
        "ratio": 0.49038461538461536
    },
    "Person[psor]=3": {
        "mismatch_count": 335,
        "all_count": 778,
        "ratio": 0.4305912596401028
    },
    "Number[psor]=Sing": {
        "mismatch_count": 332,
        "all_count": 811,
        "ratio": 0.4093711467324291
    },
    "Number=Plur": {
        "mismatch_count": 174,
        "all_count": 477,
        "ratio": 0.36477987421383645
    },
    "Tense=Past": {
        "mismatch_count": 172,
        "all_count": 369,
        "ratio": 0.46612466124661245
    },
    "Tense=Pres": {
        "mismatch_count": 150,
        "all_count": 357,
        "ratio": 0.42016806722689076
    },
    "Aspect=Perf": {
        "mismatch_count": 146,
        "all_count": 343,
        "ratio": 0.42565597667638483
    },
    "VerbForm=Part": {
        "mismatch_count": 108,
        "all_count": 238,
        "ratio": 0.453781512605042
    },
    "Case=Acc": {
        "mismatch_count": 105,
        "all_count": 258,
        "ratio": 0.4069767441860465
    },
    "Case=Loc": {
        "mismatch_count": 101,
        "all_count": 288,
        "ratio": 0.3506944444444444
    },
    "Case=Gen": {
        "mismatch_count": 96,
        "all_count": 270,
        "ratio": 0.35555555555555557
    },
    "Case=Dat": {
        "mismatch_count": 84,
        "all_count": 258,
        "ratio": 0.32558139534883723
    },
    "Evident=Fh": {
        "mismatch_count": 78,
        "all_count": 208,
        "ratio": 0.375
    },
    "Voice=Pass": {
        "mismatch_count": 72,
        "all_count": 127,
        "ratio": 0.5669291338582677
    },
    "Aspect=Hab": {
        "mismatch_count": 56,
        "all_count": 115,
        "ratio": 0.48695652173913045
    },
    "Polarity=Neg": {
        "mismatch_count": 49,
        "all_count": 81,
        "ratio": 0.6049382716049383
    },
    "Aspect=Prog": {
        "mismatch_count": 49,
        "all_count": 112,
        "ratio": 0.4375
    },
    "Person=1": {
        "mismatch_count": 42,
        "all_count": 159,
        "ratio": 0.2641509433962264
    },
    "Evident=Nfh": {
        "mismatch_count": 39,
        "all_count": 50,
        "ratio": 0.78
    },
    "Number[psor]=Plur": {
        "mismatch_count": 39,
        "all_count": 79,
        "ratio": 0.4936708860759494
    },
    "Case=Abl": {
        "mismatch_count": 34,
        "all_count": 109,
        "ratio": 0.3119266055045872
    },
    "Voice=Cau": {
        "mismatch_count": 30,
        "all_count": 44,
        "ratio": 0.6818181818181818
    },
    "Aspect=Imp": {
        "mismatch_count": 29,
        "all_count": 66,
        "ratio": 0.4393939393939394
    },
    "Person[psor]=1": {
        "mismatch_count": 27,
        "all_count": 92,
        "ratio": 0.29347826086956524
    },
    "Tense=Fut": {
        "mismatch_count": 23,
        "all_count": 53,
        "ratio": 0.4339622641509434
    },
    "Mood=Imp": {
        "mismatch_count": 20,
        "all_count": 61,
        "ratio": 0.32786885245901637
    },
    "Person=2": {
        "mismatch_count": 19,
        "all_count": 53,
        "ratio": 0.3584905660377358
    },
    "Case=Ins": {
        "mismatch_count": 19,
        "all_count": 71,
        "ratio": 0.2676056338028169
    },
    "Mood=Ind": {
        "mismatch_count": 17,
        "all_count": 35,
        "ratio": 0.4857142857142857
    },
    "Mood=Cnd": {
        "mismatch_count": 17,
        "all_count": 27,
        "ratio": 0.6296296296296297
    },
    "Mood=Pot": {
        "mismatch_count": 16,
        "all_count": 28,
        "ratio": 0.5714285714285714
    },
    "VerbForm=Conv": {
        "mismatch_count": 14,
        "all_count": 27,
        "ratio": 0.5185185185185185
    },
    "Person[psor]=2": {
        "mismatch_count": 9,
        "all_count": 20,
        "ratio": 0.45
    },
    "Mood=Gen": {
        "mismatch_count": 9,
        "all_count": 16,
        "ratio": 0.5625
    },
    "NumType=Card": {
        "mismatch_count": 5,
        "all_count": 100,
        "ratio": 0.05
    },
    "Mood=Des": {
        "mismatch_count": 3,
        "all_count": 5,
        "ratio": 0.6
    },
    "PronType=Prs": {
        "mismatch_count": 3,
        "all_count": 10,
        "ratio": 0.3
    },
    "Mood=Nec": {
        "mismatch_count": 3,
        "all_count": 6,
        "ratio": 0.5
    },
    "VerbForm=Vnoun": {
        "mismatch_count": 2,
        "all_count": 4,
        "ratio": 0.5
    },
    "Mood=Opt": {
        "mismatch_count": 2,
        "all_count": 4,
        "ratio": 0.5
    },
    "PronType=Dem": {
        "mismatch_count": 2,
        "all_count": 4,
        "ratio": 0.5
    },
    "NumType=Ord": {
        "mismatch_count": 2,
        "all_count": 7,
        "ratio": 0.2857142857142857
    },
    "PronType=Ind": {
        "mismatch_count": 1,
        "all_count": 1,
        "ratio": 1.0
    },
    "Case=Equ": {
        "mismatch_count": 1,
        "all_count": 1,
        "ratio": 1.0
    }
}