{
    "similarity_type": "exact matches among form, lemma, upos and feats strings ; 1 means identical, 0 means completely different ; splits included",
    "ratios": {
        "pop_1600": 0.58,
        "news_208": 0.5454545454545454,
        "bio_1319": 0.5135135135135135,
        "news_1406": 0.5128205128205128,
        "pop_1096": 0.48,
        "news_1475": 0.4722222222222222,
        "pop_251": 0.4,
        "ess_1466": 0.38461538461538464,
        "ins_414": 0.3611111111111111,
        "ins_344": 0.34513274336283184,
        "pop_1627": 0.34444444444444444,
        "bio_1210": 0.34285714285714286,
        "ins_793": 0.3333333333333333,
        "bio_1762": 0.3333333333333333,
        "bio_1380": 0.3333333333333333,
        "ess_976": 0.3333333333333333,
        "ins_1540": 0.32142857142857145,
        "ins_687": 0.32075471698113206,
        "ess_426": 0.32,
        "ess_1924": 0.3103448275862069,
        "news_322": 0.30952380952380953,
        "ins_1668": 0.30952380952380953,
        "ins_199": 0.3,
        "bio_156": 0.3,
        "bio_554": 0.2916666666666667,
        "bio_1541": 0.2894736842105263,
        "bio_91": 0.2857142857142857,
        "news_775": 0.2857142857142857,
        "ess_564": 0.2826086956521739,
        "bio_145": 0.2807017543859649,
        "news_130": 0.2716049382716049,
        "ins_466": 0.2711864406779661,
        "ins_613": 0.2682926829268293,
        "pop_1390": 0.26666666666666666,
        "ins_377": 0.2636363636363636,
        "bio_425": 0.2631578947368421,
        "bio_923": 0.2608695652173913,
        "news_944": 0.2597402597402597,
        "bio_1835": 0.2564102564102564,
        "ess_59": 0.25316455696202533,
        "ins_845": 0.25263157894736843,
        "ins_236": 0.25,
        "ins_601": 0.25,
        "ins_1378": 0.2465753424657534,
        "bio_1844": 0.24444444444444444,
        "bio_1796": 0.24390243902439024,
        "ins_74": 0.24271844660194175,
        "bio_6": 0.2391304347826087,
        "pop_696": 0.23684210526315788,
        "bio_1401": 0.2366412213740458,
        "news_851": 0.2356687898089172,
        "ins_1073": 0.23529411764705882,
        "pop_811": 0.23529411764705882,
        "bio_971": 0.23214285714285715,
        "bio_855": 0.23134328358208955,
        "bio_560": 0.23076923076923078,
        "bio_441": 0.23076923076923078,
        "pop_614": 0.22972972972972974,
        "ins_754": 0.22727272727272727,
        "ess_235": 0.2268041237113402,
        "ess_500": 0.2268041237113402,
        "bio_541": 0.22580645161290322,
        "ess_1075": 0.2222222222222222,
        "ins_686": 0.22115384615384615,
        "news_1310": 0.2205128205128205,
        "ins_1592": 0.22,
        "ins_647": 0.2191780821917808,
        "ess_1373": 0.21818181818181817,
        "pop_1154": 0.21739130434782608,
        "bio_288": 0.21739130434782608,
        "pop_45": 0.21518987341772153,
        "ess_1432": 0.21428571428571427,
        "pop_1825": 0.21428571428571427,
        "news_1579": 0.21153846153846154,
        "bio_590": 0.21153846153846154,
        "ess_1049": 0.2111801242236025,
        "ess_375": 0.21052631578947367,
        "ins_1953": 0.20967741935483872,
        "ess_1197": 0.2087912087912088,
        "ins_210": 0.20833333333333334,
        "ins_1239": 0.20833333333333334,
        "bio_846": 0.20809248554913296,
        "news_1434": 0.2079207920792079,
        "news_1468": 0.20689655172413793,
        "ess_69": 0.20689655172413793,
        "ess_36": 0.20588235294117646,
        "ess_1204": 0.20567375886524822,
        "ins_1637": 0.20454545454545456,
        "ins_45": 0.2,
        "ess_1702": 0.2,
        "ins_1459": 0.2,
        "news_174": 0.1984732824427481,
        "ins_1053": 0.1978021978021978,
        "bio_1697": 0.19696969696969696,
        "ess_293": 0.19626168224299065,
        "bio_531": 0.19540229885057472,
        "bio_248": 0.19230769230769232,
        "ess_1100": 0.19230769230769232,
        "ess_1645": 0.19047619047619047,
        "ins_1948": 0.19047619047619047,
        "ess_486": 0.1896551724137931,
        "pop_1063": 0.1875,
        "ess_561": 0.1875,
        "bio_945": 0.1875,
        "ins_1966": 0.1864406779661017,
        "pop_483": 0.18604651162790697,
        "news_959": 0.18461538461538463,
        "pop_1405": 0.18461538461538463,
        "pop_1958": 0.18421052631578946,
        "ess_1244": 0.1836734693877551,
        "news_1516": 0.18333333333333332,
        "pop_1375": 0.18333333333333332,
        "bio_1103": 0.18181818181818182,
        "pop_1828": 0.18032786885245902,
        "pop_1934": 0.1796875,
        "ins_1535": 0.1791044776119403,
        "ins_1661": 0.17857142857142858,
        "bio_1046": 0.17857142857142858,
        "pop_260": 0.17857142857142858,
        "ins_1892": 0.1782178217821782,
        "ess_1817": 0.1774193548387097,
        "pop_1537": 0.17647058823529413,
        "ess_1136": 0.175,
        "bio_542": 0.17482517482517482,
        "bio_1705": 0.1744186046511628,
        "news_362": 0.1744186046511628,
        "ess_1248": 0.17333333333333334,
        "news_471": 0.17261904761904762,
        "ess_1832": 0.17105263157894737,
        "ess_518": 0.1694915254237288,
        "ins_1250": 0.16666666666666666,
        "ess_1046": 0.16666666666666666,
        "ess_1103": 0.16560509554140126,
        "pop_1033": 0.16455696202531644,
        "news_631": 0.16455696202531644,
        "news_212": 0.16417910447761194,
        "bio_433": 0.164021164021164,
        "pop_644": 0.16374269005847952,
        "news_1660": 0.16346153846153846,
        "ess_1516": 0.16304347826086957,
        "bio_1095": 0.16289592760180996,
        "ins_504": 0.16279069767441862,
        "news_291": 0.1625615763546798,
        "pop_645": 0.16176470588235295,
        "news_81": 0.16176470588235295,
        "pop_324": 0.16,
        "news_839": 0.1590909090909091,
        "ess_1356": 0.15789473684210525,
        "pop_647": 0.15789473684210525,
        "bio_788": 0.15702479338842976,
        "ess_1605": 0.15555555555555556,
        "news_802": 0.1553398058252427,
        "news_921": 0.15492957746478872,
        "bio_756": 0.15454545454545454,
        "ins_1863": 0.15384615384615385,
        "pop_1579": 0.15384615384615385,
        "news_885": 0.15151515151515152,
        "ess_1118": 0.15151515151515152,
        "ess_108": 0.1509433962264151,
        "ins_1313": 0.1477832512315271,
        "news_562": 0.14754098360655737,
        "pop_894": 0.14754098360655737,
        "ins_1515": 0.14728682170542637,
        "pop_157": 0.14728682170542637,
        "ins_1049": 0.14705882352941177,
        "ins_791": 0.14705882352941177,
        "ins_1190": 0.14661654135338345,
        "ins_463": 0.14634146341463414,
        "ins_1076": 0.14634146341463414,
        "ins_633": 0.14615384615384616,
        "bio_1929": 0.14545454545454545,
        "news_1032": 0.14285714285714285,
        "ins_808": 0.14285714285714285,
        "ess_1845": 0.14285714285714285,
        "news_1282": 0.14173228346456693,
        "bio_111": 0.14130434782608695,
        "bio_1087": 0.14084507042253522,
        "pop_93": 0.14,
        "pop_1704": 0.13978494623655913,
        "bio_981": 0.13934426229508196,
        "bio_435": 0.1390728476821192,
        "news_1344": 0.13793103448275862,
        "ins_870": 0.13793103448275862,
        "ins_621": 0.13793103448275862,
        "bio_1071": 0.1377551020408163,
        "bio_1981": 0.13761467889908258,
        "bio_801": 0.1366906474820144,
        "bio_176": 0.13636363636363635,
        "pop_1854": 0.13533834586466165,
        "pop_1025": 0.13513513513513514,
        "pop_756": 0.13432835820895522,
        "ess_168": 0.13274336283185842,
        "news_1866": 0.1326530612244898,
        "news_235": 0.1326530612244898,
        "news_1191": 0.13245033112582782,
        "bio_1610": 0.13186813186813187,
        "ess_75": 0.13157894736842105,
        "pop_892": 0.13043478260869565,
        "pop_1117": 0.13043478260869565,
        "news_1568": 0.12941176470588237,
        "bio_1540": 0.12931034482758622,