{
    "similarity_type": "SequenceMatcher.ratio between entire table strings ; 1.0 means identical, 0.0 means completely different",
    "change": "dec",
    "ratios": {
        "news_1295": 0.9827586206896551,
        "news_349": 0.9773817683344757,
        "ins_1059": 0.976657329598506,
        "pop_877": 0.974559686888454,
        "news_1570": 0.9741524001342733,
        "pop_244": 0.972,
        "news_707": 0.9718775847808105,
        "pop_150": 0.9705535924617197,
        "bio_1413": 0.968530174009626,
        "news_676": 0.9682539682539683,
        "ins_1565": 0.968,
        "bio_938": 0.9673704414587332,
        "pop_1729": 0.9671361502347418,
        "bio_1442": 0.9668874172185431,
        "news_1273": 0.9642445213379469,
        "bio_116": 0.9640130861504908,
        "news_443": 0.9639024390243902,
        "ins_1476": 0.9638386648122392,
        "bio_1632": 0.9636363636363636,
        "bio_1322": 0.962843295638126,
        "ins_922": 0.9625668449197861,
        "ins_882": 0.9621273166800967,
        "bio_1566": 0.9616519174041298,
        "bio_596": 0.9608540925266904,
        "pop_457": 0.9590163934426229,
        "ess_825": 0.958968347010551,
        "bio_501": 0.9583333333333334,
        "bio_897": 0.9580514208389715,
        "ins_980": 0.9578947368421052,
        "bio_1775": 0.9576271186440678,
        "ess_1613": 0.957345971563981,
        "ess_1453": 0.9569160997732427,
        "ess_387": 0.956855791962175,
        "pop_1065": 0.9564528899445764,
        "bio_670": 0.9562594268476622,
        "bio_997": 0.9560975609756097,
        "pop_105": 0.955607476635514,
        "ins_775": 0.9553571428571429,
        "bio_889": 0.9553208773354996,
        "ins_564": 0.955153422501967,
        "ins_534": 0.9549218031278749,
        "pop_279": 0.9549132947976878,
        "ess_1552": 0.9518072289156626,
        "ins_548": 0.9517684887459807,
        "ins_465": 0.9506871463217461,
        "bio_1211": 0.9506726457399103,
        "pop_1191": 0.9501590668080594,
        "ins_1522": 0.9499509322865555,
        "pop_1901": 0.9496021220159151,
        "news_70": 0.9494535519125683,
        "bio_1386": 0.9493775933609958,
        "ins_895": 0.9492753623188406,
        "pop_3": 0.9489795918367347,
        "news_553": 0.948948948948949,
        "ins_1051": 0.9488703923900119,
        "news_1154": 0.9487485101311085,
        "bio_390": 0.9484536082474226,
        "ins_1641": 0.9481865284974094,
        "bio_171": 0.9479574706211528,
        "pop_1409": 0.9475524475524476,
        "ess_915": 0.947537044453344,
        "ins_477": 0.9465811965811965,
        "ess_752": 0.9452054794520548,
        "ess_1514": 0.9446640316205533,
        "bio_592": 0.9442786069651742,
        "news_89": 0.9441375076734193,
        "ins_1417": 0.9439421338155516,
        "ins_1211": 0.9435695538057742,
        "bio_858": 0.9432918395573997,
        "ins_1634": 0.9431464174454829,
        "ess_366": 0.9427083333333334,
        "pop_1545": 0.9426751592356688,
        "news_697": 0.9425287356321839,
        "ins_274": 0.9421052631578948,
        "bio_1822": 0.9418604651162791,
        "bio_1458": 0.9418472063854048,
        "ins_636": 0.9416058394160584,
        "ins_1085": 0.9399656946826758,
        "ins_1819": 0.9396551724137931,
        "news_960": 0.9395017793594306,
        "ess_1023": 0.9390962671905697,
        "bio_1965": 0.9388971684053651,
        "pop_330": 0.9387755102040817,
        "ess_1150": 0.9386629910406616,
        "pop_1784": 0.9377593360995851,
        "ess_539": 0.937125748502994,
        "bio_520": 0.9368104312938816,
        "bio_1596": 0.9355860612460402,
        "ins_417": 0.9350180505415162,
        "ins_920": 0.9349670122525919,
        "bio_1492": 0.9348931841302136,
        "news_495": 0.9324618736383442,
        "ess_1409": 0.932,
        "bio_1378": 0.9319727891156463,
        "pop_229": 0.931615460852329,
        "ess_214": 0.931571495988674,
        "ess_1037": 0.9315068493150684,
        "bio_1412": 0.9307875894988067,
        "ins_1744": 0.93058568329718,
        "bio_902": 0.9304174950298211,
        "bio_1045": 0.9301700984780662,
        "ess_952": 0.929616724738676,
        "ess_1815": 0.928395061728395,
        "pop_802": 0.9282700421940928,
        "bio_1738": 0.9276018099547512,
        "ins_1914": 0.9269162210338681,
        "pop_762": 0.9264475743348983,
        "ins_1184": 0.9260120986505351,
        "news_856": 0.925,
        "pop_1585": 0.9248035914702581,
        "ins_966": 0.9241011984021305,
        "bio_468": 0.9229559748427673,
        "bio_1167": 0.9228007181328546,
        "news_425": 0.9226666666666666,
        "news_1727": 0.9222827645540579,
        "ins_1527": 0.9217391304347826,
        "news_1777": 0.9202733485193622,
        "bio_506": 0.9199326761240683,
        "news_1032": 0.9197530864197531,
        "pop_1612": 0.9194139194139194,
        "pop_1193": 0.9193083573487032,
        "ess_1007": 0.918918918918919,
        "ins_164": 0.9185606060606061,
        "bio_1370": 0.9183006535947712,
        "bio_1102": 0.9180790960451978,
        "ins_216": 0.9179548156956004,
        "ins_1523": 0.9175377468060395,
        "pop_1721": 0.9165818921668362,
        "bio_1766": 0.9163498098859315,
        "ins_495": 0.9161849710982659,
        "ins_1483": 0.9155555555555556,
        "bio_1893": 0.9150905432595573,
        "news_1495": 0.914179104477612,
        "ins_1517": 0.9124613800205973,
        "bio_827": 0.9115942028985508,
        "news_910": 0.9110410094637224,
        "news_795": 0.9105691056910569,
        "ins_1993": 0.9102564102564102,
        "ess_10": 0.9101123595505618,
        "bio_742": 0.9100985221674877,
        "ins_523": 0.9097791798107255,
        "news_99": 0.9087870105062082,
        "bio_1170": 0.9084457061745919,
        "bio_482": 0.9079365079365079,
        "pop_759": 0.9076305220883534,
        "bio_1657": 0.9065194894791307,
        "ins_1631": 0.9063756461803562,
        "news_564": 0.9039623908663532,
        "ins_1124": 0.9038587311968607,
        "news_1844": 0.9036742800397219,
        "ins_1557": 0.9024081115335868,
        "news_1248": 0.9,
        "ins_1049": 0.8988047808764941,
        "ess_328": 0.8960573476702509,
        "ess_891": 0.8955512572533849,
        "ins_1424": 0.8953900709219859,
        "pop_1761": 0.8947564150241726,
        "bio_549": 0.8947368421052632,
        "pop_756": 0.8925979680696662,
        "ess_1906": 0.89059345983044,
        "pop_795": 0.8902018709995076,
        "ins_515": 0.8901545972335232,
        "pop_647": 0.8888888888888888,
        "ess_701": 0.8879492600422833,
        "bio_697": 0.8866242038216561,
        "news_112": 0.8863109048723898,
        "ess_1079": 0.8860759493670886,
        "news_1880": 0.8858350951374208,
        "bio_435": 0.885558583106267,
        "ins_641": 0.8829875518672199,
        "news_1991": 0.882035466461064,
        "ess_646": 0.8797780517879161,
        "ess_297": 0.8797202797202798,
        "news_34": 0.8764478764478765,
        "news_1739": 0.8738095238095238,
        "ess_316": 0.8708901363271853,
        "pop_993": 0.8705882352941177,
        "pop_1846": 0.8701594533029613,
        "pop_1447": 0.8693234476367007,
        "ins_1845": 0.8681875792141952,
        "ess_1304": 0.8673267326732673,
        "bio_1423": 0.8666666666666667,
        "pop_260": 0.8654545454545455,
        "bio_1907": 0.8627906976744186,
        "news_1074": 0.8621041879468846,
        "ins_1461": 0.8609715242881072,
        "ess_829": 0.8609625668449198,
        "bio_981": 0.8607488430795119,
        "news_438": 0.8601720344068814,
        "pop_85": 0.8597957288765088,
        "ins_1938": 0.8589429471473574,
        "ins_887": 0.8583162217659137,
        "ess_108": 0.8568207440811725,
        "news_1043": 0.8539325842696629,
        "ess_1845": 0.8535714285714285,
        "bio_176": 0.8527808069792803,
        "bio_788": 0.8520599250936329,
        "ess_1356": 0.8507853403141361,
        "ins_870": 0.850187265917603,