{
    "v2.8": 0.026179713503771466,
    "v2.11": 0.03533184951230434,
    "v2.8 manual": 0.9402650000826303,
    "v2.8 LLM": 0.9140852865788589,
    "v2.11 manual": 0.9641875157919483,
    "v2.11 LLM": 0.9288556662796442
}