{
    "v2.8 llm": {
        "correct": 224,
        "all": 312,
        "ratio": 0.717948717948718
    },
    "v2.11 llm": {
        "correct": 245,
        "all": 312,
        "ratio": 0.7852564102564102
    },
    "v2.8 manual": {
        "correct": 213,
        "all": 312,
        "ratio": 0.6826923076923077
    },
    "v2.11 manual": {
        "correct": 240,
        "all": 312,
        "ratio": 0.7692307692307693
    }
}