{
    "comparison_d": {
        "pop_581": {
            "llm": {
                "accuracy": 1.0
            }
        },
        "bio_1332": {
            "llm": {
                "accuracy": 0.10526315789473684
            }
        },
        "pop_385": {
            "llm": {
                "accuracy": 0.09523809523809523
            }
        },
        "news_1834": {
            "llm": {
                "accuracy": 0.375
            }
        },
        "ess_1185": {
            "llm": {
                "accuracy": 0.5714285714285714
            }
        },
        "bio_1774": {
            "llm": {
                "accuracy": 0.0
            }
        },
        "pop_1082": {
            "llm": {
                "accuracy": 0.0
            }
        },
        "bio_237": {
            "llm": {
                "accuracy": 0.11764705882352941
            }
        },
        "bio_876": {
            "llm": {
                "accuracy": 0.25
            }
        },
        "pop_1275": {
            "llm": {
                "accuracy": 0.0
            }
        }
    },
    "summary": {
        "llm accuracy": 0.25145768833849325
    }
}