{
    "llm": {
        "v2.8": {
            "accuracy": 0.6722817764165391
        },
        "v2.11": {
            "accuracy": 0.7013782542113323
        }
    },
    "manual": {
        "Akif": {
            "v2.8": {
                "accuracy": 0.8315467075038285
            },
            "v2.11": {
                "accuracy": 0.8759571209800919
            }
        },
        "Tarık": {
            "v2.8": {
                "accuracy": 0.885145482388974
            },
            "v2.11": {
                "accuracy": 0.8958652373660031
            }
        }
    }
}