{
    "llm": {
        "v2.8": {
            "accuracy": 0.6699346405228758
        },
        "v2.11": {
            "accuracy": 0.6928104575163399
        }
    },
    "manual": {
        "Akif": {
            "v2.8": {
                "accuracy": 0.8300653594771242
            },
            "v2.11": {
                "accuracy": 0.8741830065359477
            }
        },
        "Tarık": {
            "v2.8": {
                "accuracy": 0.8790849673202614
            },
            "v2.11": {
                "accuracy": 0.8937908496732027
            }
        }
    }
}