{
    "comparison_d": {
        "bio_1504": {
            "llm": {
                "accuracy": 0.7272727272727273
            }
        }
    },
    "summary": {
        "llm accuracy": 1.4545454545454546
    }
}