{
    "comparison_d": {
        "news_546": {
            "llm": {
                "accuracy": 0.0
            }
        },
        "pop_1971": {
            "llm": {
                "accuracy": 0.038461538461538464
            }
        }
    },
    "summary": {
        "llm accuracy": 0.038461538461538464
    }
}