{
    "comparison_d": {
        "bio_1754": {
            "llm": {
                "accuracy": 0.0
            }
        },
        "news_428": {
            "llm": {
                "accuracy": 0.36363636363636365
            }
        },
        "ins_294": {
            "llm": {
                "accuracy": 0.041666666666666664
            }
        },
        "pop_657": {
            "llm": {
                "accuracy": 0.0
            }
        }
    },
    "summary": {
        "llm accuracy": 0.10132575757575758
    }
}