{
    "comparison_d": {
        "ins_786": {
            "llm": {
                "accuracy": 0.0
            }
        },
        "pop_1374": {
            "llm": {
                "accuracy": 0.08695652173913043
            }
        },
        "news_580": {
            "llm": {
                "accuracy": 0.0
            }
        },
        "news_934": {
            "llm": {
                "accuracy": 0.0
            }
        }
    },
    "summary": {
        "llm accuracy": 0.021739130434782608
    }
}