{
    "easy": {
        "dep": {
            "v1": {
                "Akif": 0.64,
                "Tarık": 0.64,
                "GPT-4": 0.48
            },
            "v2": {
                "Akif": 0.64,
                "Tarık": 0.68,
                "GPT-4": 0.56
            }
        },
        "normal": {
            "v1": {
                "Akif": 0.5833333333333334,
                "Tarık": 0.6666666666666666,
                "GPT-4": 0.5416666666666666
            },
            "v2": {
                "Akif": 0.625,
                "Tarık": 0.5416666666666666,
                "GPT-4": 0.5416666666666666
            }
        }
    },
    "medium": {
        "dep": {
            "v1": {
                "Akif": 0.44,
                "Tarık": 0.52,
                "GPT-4": 0.36
            },
            "v2": {
                "Akif": 0.6,
                "Tarık": 0.64,
                "GPT-4": 0.6
            }
        },
        "normal": {
            "v1": {
                "Akif": 0.44,
                "Tarık": 0.52,
                "GPT-4": 0.52
            },
            "v2": {
                "Akif": 0.76,
                "Tarık": 0.44,
                "GPT-4": 0.64
            }
        }
    },
    "difficult": {
        "dep": {
            "v1": {
                "Akif": 0.84,
                "Tarık": 0.72,
                "GPT-4": 0.2
            },
            "v2": {
                "Akif": 0.92,
                "Tarık": 0.68,
                "GPT-4": 0.24
            }
        },
        "normal": {
            "v1": {
                "Akif": 0.64,
                "Tarık": 0.64,
                "GPT-4": 0.24
            },
            "v2": {
                "Akif": 0.64,
                "Tarık": 0.56,
                "GPT-4": 0.44
            }
        }
    },
    "random": {
        "dep": {
            "v1": {
                "Akif": 0.68,
                "Tarık": 0.6,
                "GPT-4": 0.44
            },
            "v2": {
                "Akif": 0.72,
                "Tarık": 0.56,
                "GPT-4": 0.4
            }
        },
        "normal": {
            "v1": {
                "Akif": 0.4,
                "Tarık": 0.6,
                "GPT-4": 0.28
            },
            "v2": {
                "Akif": 0.64,
                "Tarık": 0.68,
                "GPT-4": 0.64
            }
        }
    },
    "v1_average": {
        "dep": {
            "Akif": 0.65,
            "Tarık": 0.62,
            "GPT-4": 0.37
        },
        "normal": {
            "Akif": 0.5158333333333334,
            "Tarık": 0.6066666666666667,
            "GPT-4": 0.39541666666666664
        }
    },
    "v2_average": {
        "dep": {
            "Akif": 0.72,
            "Tarık": 0.64,
            "GPT-4": 0.45000000000000007
        },
        "normal": {
            "Akif": 0.66625,
            "Tarık": 0.5554166666666667,
            "GPT-4": 0.5654166666666667
        }
    }
}