{
    "comparison_d": {
        "dev-s1033": {
            "llm": {
                "precision": 0.9090909090909091,
                "recall": 0.9090909090909091
            }
        },
        "dev-s82": {
            "llm": {
                "precision": 1.0,
                "recall": 1.0
            }
        },
        "train-s4920": {
            "llm": {
                "precision": 0.3125,
                "recall": 0.5625
            }
        },
        "train-s1787": {
            "llm": {
                "precision": 0.875,
                "recall": 0.875
            }
        },
        "train-s2032": {
            "llm": {
                "precision": 0.5,
                "recall": 1.0
            }
        },
        "train-s4949": {
            "llm": {
                "precision": 0.9375,
                "recall": 0.9375
            }
        },
        "train-s839": {
            "llm": {
                "precision": 0.625,
                "recall": 1.0
            }
        },
        "dev-s22": {
            "llm": {
                "precision": 0.2857142857142857,
                "recall": 0.75
            }
        },
        "dev-s1414": {
            "llm": {
                "precision": 0.0,
                "recall": 0.2857142857142857
            }
        },
        "train-s4730": {
            "llm": {
                "precision": 0.36666666666666664,
                "recall": 0.11538461538461539
            }
        },
        "test-s530": {
            "llm": {
                "precision": 0.6666666666666666,
                "recall": 0.6666666666666666
            }
        },
        "dev-s225": {
            "llm": {
                "precision": 0.15,
                "recall": 0.5
            }
        },
        "train-s2850": {
            "llm": {
                "precision": 0.5,
                "recall": 0.7333333333333333
            }
        },
        "dev-s1140": {
            "llm": {
                "precision": 0.631578947368421,
                "recall": 0.631578947368421
            }
        },
        "test-s484": {
            "llm": {
                "precision": 0.75,
                "recall": 0.75
            }
        },
        "train-s1249": {
            "llm": {
                "precision": 0.35714285714285715,
                "recall": 0.6923076923076923
            }
        },
        "train-s2384": {
            "llm": {
                "precision": 0.5,
                "recall": 0.5
            }
        },
        "test-s764": {
            "llm": {
                "precision": 0.5384615384615384,
                "recall": 0.5384615384615384
            }
        },
        "train-s2138": {
            "llm": {
                "precision": 0.7647058823529411,
                "recall": 0.3333333333333333
            }
        },
        "train-s2377": {
            "llm": {
                "precision": 0.06896551724137931,
                "recall": 0.5714285714285714
            }
        },
        "train-s2041": {
            "llm": {
                "precision": 0.5555555555555556,
                "recall": 0.5555555555555556
            }
        },
        "dev-s720": {
            "llm": {
                "precision": 0.8571428571428571,
                "recall": 0.8571428571428571
            }
        },
        "dev-s872": {
            "llm": {
                "precision": 0.3333333333333333,
                "recall": 0.6470588235294118
            }
        },
        "dev-s1529": {
            "llm": {
                "precision": 1.0,
                "recall": 0.9333333333333333
            }
        },
        "test-s616": {
            "llm": {
                "precision": 0.8,
                "recall": 0.8
            }
        },
        "dev-s969": {
            "llm": {
                "precision": 0.14285714285714285,
                "recall": 0.6666666666666666
            }
        },
        "train-s4127": {
            "llm": {
                "precision": 0.7142857142857143,
                "recall": 0.7692307692307693
            }
        },
        "train-s4338": {
            "llm": {
                "precision": 0.045454545454545456,
                "recall": 0.47619047619047616
            }
        },
        "train-s3057": {
            "llm": {
                "precision": 0.38461538461538464,
                "recall": 0.21428571428571427
            }
        },
        "test-s1705": {
            "llm": {
                "precision": 0.9411764705882353,
                "recall": 0.9411764705882353
            }
        },
        "dev-s1385": {
            "llm": {
                "precision": 0.3333333333333333,
                "recall": 0.47368421052631576
            }
        },
        "train-s988": {
            "llm": {
                "precision": 0.9,
                "recall": 0.9
            }
        },
        "test-s369": {
            "llm": {
                "precision": 0.2727272727272727,
                "recall": 0.6
            }
        },
        "train-s2637": {
            "llm": {
                "precision": 0.4,
                "recall": 0.5
            }
        },
        "dev-s414": {
            "llm": {
                "precision": 0.65,
                "recall": 0.7368421052631579
            }
        },
        "train-s4788": {
            "llm": {
                "precision": 0.2727272727272727,
                "recall": 0.7
            }
        },
        "train-s2192": {
            "llm": {
                "precision": 0.42857142857142855,
                "recall": 0.4
            }
        },
        "train-s252": {
            "llm": {
                "precision": 0.9090909090909091,
                "recall": 0.9090909090909091
            }
        },
        "train-s1692": {
            "llm": {
                "precision": 0.8125,
                "recall": 0.8666666666666667
            }
        },
        "train-s2676": {
            "llm": {
                "precision": 0.8260869565217391,
                "recall": 0.8260869565217391
            }
        },
        "dev-s1154": {
            "llm": {
                "precision": 0.8571428571428571,
                "recall": 0.8571428571428571
            }
        },
        "train-s4245": {
            "llm": {
                "precision": 0.6363636363636364,
                "recall": 0.6363636363636364
            }
        },
        "test-s231": {
            "llm": {
                "precision": 0.1875,
                "recall": 0.8
            }
        },
        "train-s5336": {
            "llm": {
                "precision": 0.8,
                "recall": 0.8
            }
        },
        "train-s2113": {
            "llm": {
                "precision": 0.3076923076923077,
                "recall": 0.18181818181818182
            }
        },
        "train-s2264": {
            "llm": {
                "precision": 0.4,
                "recall": 0.4
            }
        },
        "train-s2275": {
            "llm": {
                "precision": 0.21052631578947367,
                "recall": 0.9444444444444444
            }
        },
        "test-s117": {
            "llm": {
                "precision": 0.5416666666666666,
                "recall": 0.18181818181818182
            }
        },
        "train-s1968": {
            "llm": {
                "precision": 0.6153846153846154,
                "recall": 0.6153846153846154
            }
        },
        "train-s5192": {
            "llm": {
                "precision": 0.46153846153846156,
                "recall": 0.8333333333333334
            }
        },
        "test-s291": {
            "llm": {
                "precision": 0.8333333333333334,
                "recall": 0.8333333333333334
            }
        },
        "test-s1029": {
            "llm": {
                "precision": 0.18181818181818182,
                "recall": 0.5
            }
        },