{
    "comparison_d": {
        "bio_1204": {
            "llm": {
                "accuracy": 0.0
            }
        },
        "pop_396": {
            "llm": {
                "accuracy": 0.0
            }
        },
        "pop_302": {
            "llm": {
                "accuracy": 0.16666666666666666
            }
        },
        "pop_1320": {
            "llm": {
                "accuracy": 0.0
            }
        }
    },
    "summary": {
        "llm accuracy": 0.041666666666666664
    }
}