{
    "../tr_boun/v2.8/test.conllu": {
        "Case": {
            "all": 0.16683119447186576,
            "pnexist": 0.05577492596248766,
            "gnexist": 0.06515301085883514,
            "nmatch": 0.04590325765054294
        },
        "Number": {
            "all": 0.1231712414657935,
            "pnexist": 0.04193952905113557,
            "gnexist": 0.060331614880869446,
            "nmatch": 0.020900097533788492
        },
        "Person": {
            "all": 0.11745854813989132,
            "pnexist": 0.04193952905113557,
            "gnexist": 0.060331614880869446,
            "nmatch": 0.015187404207886303
        },
        "PronType": {
            "all": 0.782608695652174,
            "pnexist": 0.6521739130434783,
            "gnexist": 0.13043478260869565,
            "nmatch": 0.0
        },
        "Aspect": {
            "all": 0.2857142857142857,
            "pnexist": 0.0688378978534419,
            "gnexist": 0.12731310140636565,
            "nmatch": 0.08956328645447817
        },
        "Number[psor]": {
            "all": 0.2377006732263076,
            "pnexist": 0.08648368720870016,
            "gnexist": 0.08855515277058519,
            "nmatch": 0.06266183324702226
        },
        "VerbForm": {
            "all": 0.24193548387096775,
            "pnexist": 0.0935483870967742,
            "gnexist": 0.14516129032258066,
            "nmatch": 0.0032258064516129032
        },
        "Tense": {
            "all": 0.22025912838633688,
            "pnexist": 0.05005889281507656,
            "gnexist": 0.10600706713780919,
            "nmatch": 0.06419316843345112
        },
        "Person[psor]": {
            "all": 0.2092180217503884,
            "pnexist": 0.08648368720870016,
            "gnexist": 0.08855515277058519,
            "nmatch": 0.03417918177110305
        },
        "Polarity": {
            "all": 0.1903269144648455,
            "pnexist": 0.06135244066278549,
            "gnexist": 0.09135691894312584,
            "nmatch": 0.03761755485893417
        },
        "Mood": {
            "all": 0.5096618357487923,
            "pnexist": 0.3502415458937198,
            "gnexist": 0.11594202898550725,
            "nmatch": 0.043478260869565216
        },
        "Voice": {
            "all": 0.5959079283887468,
            "pnexist": 0.4680306905370844,
            "gnexist": 0.11508951406649616,
            "nmatch": 0.01278772378516624
        },
        "Evident": {
            "all": 0.2,
            "pnexist": 0.08440366972477065,
            "gnexist": 0.07889908256880734,
            "nmatch": 0.03669724770642202
        },
        "NumType": {
            "all": 0.23381294964028776,
            "pnexist": 0.11870503597122302,
            "gnexist": 0.08633093525179857,
            "nmatch": 0.02877697841726619
        },
        "Reflex": {
            "all": 1.0,
            "pnexist": 1.0,
            "gnexist": 0.0,
            "nmatch": 0.0
        },
        "Abbr": {
            "all": 1.0,
            "pnexist": 1.0,
            "gnexist": 0.0,
            "nmatch": 0.0
        },
        "Polite": {
            "all": 1.0,
            "pnexist": 1.0,
            "gnexist": 0.0,
            "nmatch": 0.0
        },
        "score": 0.8247370899387851
    },
    "../tr_boun/v2.11/unrestricted/test.conllu": {
        "Person": {
            "all": 0.08495724099256975,
            "pnexist": 0.04836674610963129,
            "gnexist": 0.02831908033085658,
            "nmatch": 0.008271414552081873
        },
        "Number": {
            "all": 0.0862189821954297,
            "pnexist": 0.04836674610963129,
            "gnexist": 0.02831908033085658,
            "nmatch": 0.009533155754941819
        },
        "Case": {
            "all": 0.1429797459663577,
            "pnexist": 0.05115001716443529,
            "gnexist": 0.02351527634740817,
            "nmatch": 0.06831445245451424
        },
        "PronType": {
            "all": 0.9508196721311475,
            "pnexist": 0.036885245901639344,
            "gnexist": 0.9139344262295082,
            "nmatch": 0.0
        },
        "Aspect": {
            "all": 0.4643835616438356,
            "pnexist": 0.09726027397260274,
            "gnexist": 0.09246575342465753,
            "nmatch": 0.27465753424657535
        },
        "Tense": {
            "all": 0.14615384615384616,
            "pnexist": 0.06153846153846154,
            "gnexist": 0.0485207100591716,
            "nmatch": 0.03609467455621302
        },
        "VerbForm": {
            "all": 0.19705641864268192,
            "pnexist": 0.07195421095666395,
            "gnexist": 0.10793131643499591,
            "nmatch": 0.017170891251022075
        },
        "Polarity": {
            "all": 0.12238055322715842,
            "pnexist": 0.03352891869237217,
            "gnexist": 0.0699916177703269,
            "nmatch": 0.018860016764459347
        },
        "Number[psor]": {
            "all": 0.10951156812339331,
            "pnexist": 0.037017994858611826,
            "gnexist": 0.042673521850899745,
            "nmatch": 0.02982005141388175
        },
        "Person[psor]": {
            "all": 0.0961439588688946,
            "pnexist": 0.037017994858611826,
            "gnexist": 0.042673521850899745,
            "nmatch": 0.016452442159383032
        },
        "Mood": {
            "all": 0.5287356321839081,
            "pnexist": 0.38850574712643676,
            "gnexist": 0.08735632183908046,
            "nmatch": 0.052873563218390804
        },
        "Voice": {
            "all": 0.41575492341356673,
            "pnexist": 0.212253829321663,
            "gnexist": 0.1925601750547046,
            "nmatch": 0.010940919037199124
        },
        "Evident": {
            "all": 0.20226843100189035,
            "pnexist": 0.14933837429111532,
            "gnexist": 0.04725897920604915,
            "nmatch": 0.005671077504725898
        },
        "NumType": {
            "all": 0.14606741573033707,
            "pnexist": 0.0449438202247191,
            "gnexist": 0.0898876404494382,
            "nmatch": 0.011235955056179775
        },
        "Typo": {
            "all": 1.0,
            "pnexist": 1.0,
            "gnexist": 0.0,
            "nmatch": 0.0
        },
        "Reflex": {
            "all": 1.0,
            "pnexist": 0.0,
            "gnexist": 1.0,
            "nmatch": 0.0
        },
        "Abbr": {
            "all": 1.0,
            "pnexist": 0.3,
            "gnexist": 0.7,
            "nmatch": 0.0
        },
        "Polite": {
            "all": 1.0,
            "pnexist": 1.0,
            "gnexist": 0.0,
            "nmatch": 0.0
        },
        "score": 0.8545626795428153
    },
    "../tr_boun/v2.11/test.conllu": {
        "PronType": {
            "all": 0.9375,
            "pnexist": 0.03125,
            "gnexist": 0.90625,
            "nmatch": 0.0
        },
        "Person": {
            "all": 0.14846439884313456,
            "pnexist": 0.07381903319102052,
            "gnexist": 0.04544828536014323,
            "nmatch": 0.029197080291970802
        },
        "Case": {
            "all": 0.24223187437353827,
            "pnexist": 0.06431673905780154,
            "gnexist": 0.04961577013030404,
            "nmatch": 0.12829936518543267
        },
        "Number": {
            "all": 0.15659000137722076,
            "pnexist": 0.07381903319102052,
            "gnexist": 0.04544828536014323,
            "nmatch": 0.03732268282605702
        },
        "Person[psor]": {
            "all": 0.23552696684809502,
            "pnexist": 0.10786739238000989,
            "gnexist": 0.07867392380009897,
            "nmatch": 0.048985650667986144
        },
        "VerbForm": {
            "all": 0.4117647058823529,
            "pnexist": 0.1264705882352941,
            "gnexist": 0.19779411764705881,
            "nmatch": 0.0875
        },
        "Tense": {
            "all": 0.3629590207557211,