{
    "comparison_d": {
        "ins_822": {
            "llm": {
                "accuracy": 0.16666666666666666
            }
        },
        "ins_243": {
            "llm": {
                "accuracy": 0.0
            }
        },
        "ess_992": {
            "llm": {
                "accuracy": 0.08695652173913043
            }
        },
        "ins_40": {
            "llm": {
                "accuracy": 0.4666666666666667
            }
        },
        "ins_1372": {
            "llm": {
                "accuracy": 0.1111111111111111
            }
        },
        "news_311": {
            "llm": {
                "accuracy": 0.625
            }
        },
        "pop_7": {
            "llm": {
                "accuracy": 0.11764705882352941
            }
        },
        "ess_1753": {
            "llm": {
                "accuracy": 0.2857142857142857
            }
        },
        "pop_373": {
            "llm": {
                "accuracy": 0.8888888888888888
            }
        },
        "news_1167": {
            "llm": {
                "accuracy": 0.08333333333333333
            }
        }
    },
    "summary": {
        "llm accuracy": 0.2915317866276946
    }
}