{
    "comparison_d": {
        "bio_399": {
            "llm": {
                "accuracy": 0.0
            }
        },
        "ess_123": {
            "llm": {
                "accuracy": 0.0
            }
        },
        "pop_1760": {
            "llm": {
                "accuracy": 0.2608695652173913
            }
        },
        "news_1999": {
            "llm": {
                "accuracy": 0.0
            }
        },
        "news_669": {
            "llm": {
                "accuracy": 0.09090909090909091
            }
        }
    },
    "summary": {
        "llm accuracy": 0.08853754940711463
    }
}