{
    "comparison_d": {
        "pop_987": {
            "llm": {
                "accuracy": 0.0
            }
        },
        "news_770": {
            "llm": {
                "accuracy": 0.2222222222222222
            }
        },
        "bio_1718": {
            "llm": {
                "accuracy": 0.0
            }
        },
        "news_944": {
            "llm": {
                "accuracy": 0.21052631578947367
            }
        },
        "ess_1529": {
            "llm": {
                "accuracy": 0.5833333333333334
            }
        },
        "ins_951": {
            "llm": {
                "accuracy": 0.07142857142857142
            }
        },
        "ins_1234": {
            "llm": {
                "accuracy": 0.0
            }
        },
        "bio_1475": {
            "llm": {
                "accuracy": 0.7272727272727273
            }
        },
        "news_862": {
            "llm": {
                "accuracy": 0.09523809523809523
            }
        },
        "ins_294": {
            "llm": {
                "accuracy": 0.06666666666666667
            }
        },
        "ess_1319": {
            "llm": {
                "accuracy": 0.0
            }
        },
        "ins_1386": {
            "llm": {
                "accuracy": 0.23076923076923078
            }
        },
        "ess_123": {
            "llm": {
                "accuracy": 0.0
            }
        },
        "news_98": {
            "llm": {
                "accuracy": 0.0
            }
        },
        "ess_1399": {
            "llm": {
                "accuracy": 0.0
            }
        },
        "ess_1749": {
            "llm": {
                "accuracy": 0.125
            }
        },
        "ins_959": {
            "llm": {
                "accuracy": 0.4166666666666667
            }
        },
        "pop_1416": {
            "llm": {
                "accuracy": 0.47058823529411764
            }
        },
        "ess_147": {
            "llm": {
                "accuracy": 0.0
            }
        },
        "bio_1431": {
            "llm": {
                "accuracy": 0.0
            }
        },
        "pop_291": {
            "llm": {
                "accuracy": 0.8888888888888888
            }
        },
        "ins_1013": {
            "llm": {
                "accuracy": 0.0
            }
        },
        "bio_1991": {
            "llm": {
                "accuracy": 0.8888888888888888
            }
        },
        "ess_753": {
            "llm": {
                "accuracy": 0.041666666666666664
            }
        },
        "pop_1872": {
            "llm": {
                "accuracy": 0.0
            }
        }
    },
    "summary": {
        "llm accuracy": 0.201566260365022
    }
}