{
    "comparison_d": {
        "bio_876": {
            "llm": {
                "accuracy": 0.5
            }
        },
        "pop_1096": {
            "llm": {
                "accuracy": 0.0
            }
        },
        "ess_1322": {
            "llm": {
                "accuracy": 0.0
            }
        },
        "ess_242": {
            "llm": {
                "accuracy": 0.0
            }
        },
        "ins_951": {
            "llm": {
                "accuracy": 0.07142857142857142
            }
        },
        "bio_1350": {
            "llm": {
                "accuracy": 0.19047619047619047
            }
        },
        "pop_1996": {
            "llm": {
                "accuracy": 0.16666666666666666
            }
        },
        "bio_1908": {
            "llm": {
                "accuracy": 0.0
            }
        },
        "pop_302": {
            "llm": {
                "accuracy": 0.24
            }
        },
        "bio_691": {
            "llm": {
                "accuracy": 0.375
            }
        },
        "ins_40": {
            "llm": {
                "accuracy": 0.4827586206896552
            }
        },
        "pop_1308": {
            "llm": {
                "accuracy": 0.2
            }
        },
        "ess_1685": {
            "llm": {
                "accuracy": 0.14285714285714285
            }
        }
    },
    "summary": {
        "llm accuracy": 0.19323417961348996
    }
}