{
    "comparison_d": {
        "pop_702": {
            "llm": {
                "accuracy": 0.7
            }
        },
        "ins_1884": {
            "llm": {
                "accuracy": 0.2727272727272727
            }
        },
        "pop_689": {
            "llm": {
                "accuracy": 1.0
            }
        },
        "ins_793": {
            "llm": {
                "accuracy": 0.5
            }
        },
        "bio_1908": {
            "llm": {
                "accuracy": 0.14285714285714285
            }
        },
        "pop_657": {
            "llm": {
                "accuracy": 1.0
            }
        }
    },
    "summary": {
        "llm accuracy": 0.7692640692640692
    }
}